{
  "Cursor Color" : {
    "Red Component" : 0.75294119119644165,
    "Color Space" : "sRGB",
    "Blue Component" : 0.96078431606292725,
    "Alpha Component" : 1,
    "Green Component" : 0.7921568751335144
  },
  "Tags" : [

  ],
  "Ansi 12 Color" : {
    "Red Component" : 0.48235294222831726,
    "Color Space" : "sRGB",
    "Blue Component" : 0.9529411792755127,
    "Alpha Component" : 1,
    "Green Component" : 0.63529413938522339
  },
  "Right Option Key Changeable" : true,
  "Ansi 1 Color" : {
    "Red Component" : 0.9686274528503418,
    "Color Space" : "sRGB",
    "Blue Component" : 0.55686277151107788,
    "Alpha Component" : 1,
    "Green Component" : 0.46274510025978088
  },
  "Bold Color" : {
    "Red Component" : 1,
    "Color Space" : "sRGB",
    "Blue Component" : 0.39215686917304993,
    "Alpha Component" : 1,
    "Green Component" : 0.61960786581039429
  },
  "Ansi 7 Color" : {
    "Red Component" : 0.75294119119644165,
    "Color Space" : "sRGB",
    "Blue Component" : 0.96078431606292725,
    "Alpha Component" : 1,
    "Green Component" : 0.7921568751335144
  },
  "Allow modifyOtherKeys" : true,
  "Ansi 8 Color" : {
    "Red Component" : 0.25490197539329529,
    "Color Space" : "sRGB",
    "Blue Component" : 0.40784314274787903,
    "Alpha Component" : 1,
    "Green Component" : 0.28235295414924622
  },
  "Rows" : 42,
  "Default Bookmark" : "No",
  "Ansi 9 Color" : {
    "Red Component" : 0.9686274528503418,
    "Color Space" : "sRGB",
    "Blue Component" : 0.55686277151107788,
    "Alpha Component" : 1,
    "Green Component" : 0.46274510025978088
  },
  "Horizontal Spacing" : 1,
  "Ansi 4 Color" : {
    "Red Component" : 0.48235294222831726,
    "Color Space" : "sRGB",
    "Blue Component" : 0.9529411792755127,
    "Alpha Component" : 1,
    "Green Component" : 0.63529413938522339
  },
  "Cursor Guide Color" : {
    "Red Component" : 0.58885198831558228,
    "Color Space" : "sRGB",
    "Blue Component" : 0.99999994039535522,
    "Alpha Component" : 0.0782470703125,
    "Green Component" : 0.70213180780410767
  },
  "Non-ASCII Anti Aliased" : true,
  "Use Bright Bold" : true,
  "Ansi 10 Color" : {
    "Red Component" : 0.25490197539329529,
    "Color Space" : "sRGB",
    "Blue Component" : 0.61072450876235962,
    "Alpha Component" : 1,
    "Green Component" : 0.70980393886566162
  },
  "Use Cursor Guide" : false,
  "Treat Option as Alt" : true,
  "Ambiguous Double Width" : false,
  "Jobs to Ignore" : [
    "rlogin",
    "ssh",
    "slogin",
    "telnet"
  ],
  "Ansi 15 Color" : {
    "Red Component" : 0.75294119119644165,
    "Color Space" : "sRGB",
    "Blue Component" : 0.96078431606292725,
    "Alpha Component" : 1,
    "Green Component" : 0.7921568751335144
  },
  "Foreground Color" : {
    "Red Component" : 0.73333334922790527,
    "Color Space" : "sRGB",
    "Blue Component" : 0.87843137979507446,
    "Alpha Component" : 1,
    "Green Component" : 0.7607843279838562
  },
  "Working Directory" : "\/Users\/sbuzin",
  "Blinking Cursor" : true,
  "Disable Window Resizing" : true,
  "Sync Title" : false,
  "Prompt Before Closing 2" : false,
  "BM Growl" : true,
  "Mouse Reporting" : true,
  "Command" : "",
  "Description" : "Default",
  "Screen" : -1,
  "Selection Color" : {
    "Red Component" : 0.19607843458652496,
    "Color Space" : "sRGB",
    "Blue Component" : 0.3333333432674408,
    "Alpha Component" : 1,
    "Green Component" : 0.22352941334247589
  },
  "Columns" : 128,
  "Idle Code" : 0,
  "Ansi 13 Color" : {
    "Red Component" : 0.73333334922790527,
    "Color Space" : "sRGB",
    "Blue Component" : 0.9686274528503418,
    "Alpha Component" : 1,
    "Green Component" : 0.60392159223556519
  },
  "Custom Command" : "No",
  "ASCII Anti Aliased" : true,
  "Non Ascii Font" : "Monaco 12",
  "Vertical Spacing" : 1,
  "Use Bold Font" : false,
  "Left Option Key Changeable" : true,
  "Selected Text Color" : {
    "Red Component" : 0.78367346525192261,
    "Color Space" : "sRGB",
    "Blue Component" : 1,
    "Alpha Component" : 1,
    "Green Component" : 0.8244897723197937
  },
  "Option Key Sends" : 2,
  "Background Color" : {
    "Red Component" : 0.1059383824467659,
    "Color Space" : "sRGB",
    "Blue Component" : 0.1906890869140625,
    "Alpha Component" : 1,
    "Green Component" : 0.12359477579593658
  },
  "Ansi 11 Color" : {
    "Red Component" : 0.87843137979507446,
    "Color Space" : "sRGB",
    "Blue Component" : 0.40784314274787903,
    "Alpha Component" : 1,
    "Green Component" : 0.68627452850341797
  },
  "Character Encoding" : 4,
  "Thin Strokes" : 0,
  "Use Italic Font" : true,
  "Unlimited Scrollback" : false,
  "Keyboard Map" : {
    "0xf728-0x0" : {
      "Text" : "0x4",
      "Action" : 11
    },
    "0xf702-0x280000" : {
      "Text" : "b",
      "Action" : 10
    },
    "0xf702-0x300000" : {
      "Text" : "0x1",
      "Action" : 11
    },
    "0xf703-0x280000" : {
      "Text" : "f",
      "Action" : 10
    },
    "0xf728-0x80000" : {
      "Text" : "d",
      "Action" : 10
    },
    "0xf703-0x300000" : {
      "Text" : "0x5",
      "Action" : 11
    },
    "0x7f-0x100000" : {
      "Text" : "0x15",
      "Action" : 11
    },
    "0x7f-0x80000" : {
      "Text" : "\"0x1b 0x7f\"",
      "Action" : 11
    }
  },
  "Window Type" : 0,
  "Cursor Type" : 0,
  "Background Image Location" : "",
  "Blur" : false,
  "Badge Color" : {
    "Red Component" : 0.20784313976764679,
    "Color Space" : "sRGB",
    "Blue Component" : 0.65098041296005249,
    "Alpha Component" : 0.5,
    "Green Component" : 0.34509804844856262
  },
  "Scrollback Lines" : 1000,
  "Send Code When Idle" : false,
  "Close Sessions On End" : true,
  "Terminal Type" : "xterm-256color",
  "Visual Bell" : false,
  "Flashing Bell" : false,
  "Silence Bell" : false,
  "Ansi 14 Color" : {
    "Red Component" : 0.16650390625,
    "Color Space" : "sRGB",
    "Blue Component" : 0.8741455078125,
    "Alpha Component" : 1,
    "Green Component" : 0.77008056640625
  },
  "ASCII Ligatures" : false,
  "Name" : "Default",
  "Cursor Text Color" : {
    "Red Component" : 0.15686275064945221,
    "Color Space" : "sRGB",
    "Blue Component" : 0.82352942228317261,
    "Alpha Component" : 1,
    "Green Component" : 0.72549021244049072
  },
  "Minimum Contrast" : 0,
  "Shortcut" : "",
  "Tab Color" : {
    "Red Component" : 0.11764705926179886,
    "Color Space" : "sRGB",
    "Blue Component" : 0.21176470816135406,
    "Alpha Component" : 1,
    "Green Component" : 0.13725490868091583
  },
  "Transparency" : 0,
  "Ansi 0 Color" : {
    "Red Component" : 0.25490197539329529,
    "Color Space" : "sRGB",
    "Blue Component" : 0.40784314274787903,
    "Alpha Component" : 1,
    "Green Component" : 0.28235295414924622
  },
  "Guid" : "50E06C9D-41A8-456F-9D46-DC728D33C014",
  "Link Color" : {
    "Red Component" : 0.41885295510292053,
    "Color Space" : "sRGB",
    "Blue Component" : 0.92212098836898804,
    "Alpha Component" : 1,
    "Green Component" : 0.84421330690383911
  },
  "Ansi 2 Color" : {
    "Red Component" : 0.25490197539329529,
    "Color Space" : "sRGB",
    "Blue Component" : 0.60784316062927246,
    "Alpha Component" : 1,
    "Green Component" : 0.70980393886566162
  },
  "Ansi 5 Color" : {
    "Red Component" : 0.73333334922790527,
    "Color Space" : "sRGB",
    "Blue Component" : 0.9686274528503418,
    "Alpha Component" : 1,
    "Green Component" : 0.60392159223556519
  },
  "Use Non-ASCII Font" : false,
  "Right Option Key Sends" : 2,
  "Normal Font" : "SFMono-Regular 13",
  "Ansi 6 Color" : {
    "Red Component" : 0.1742582768201828,
    "Color Space" : "sRGB",
    "Blue Component" : 0.91485595703125,
    "Alpha Component" : 1,
    "Green Component" : 0.80594456195831299
  },
  "Ansi 3 Color" : {
    "Red Component" : 0.87843137979507446,
    "Color Space" : "sRGB",
    "Blue Component" : 0.40784314274787903,
    "Alpha Component" : 1,
    "Green Component" : 0.68627452850341797
  },
  "Custom Directory" : "No"
}