{
  "Use Non-ASCII Font" : true,
  "Tags" : [

  ],
  "Ansi 12 Color" : {
    "Red Component" : 0.3803921639919281,
    "Color Space" : "sRGB",
    "Blue Component" : 0.93725490570068359,
    "Alpha Component" : 1,
    "Green Component" : 0.68627452850341797
  },
  "Right Option Key Changeable" : true,
  "Ansi 3 Color" : {
    "Red Component" : 0.89803922176361084,
    "Color Space" : "sRGB",
    "Blue Component" : 0.48235294222831726,
    "Alpha Component" : 1,
    "Green Component" : 0.75294119119644165
  },
  "Bold Color" : {
    "Red Component" : 0.67058825492858887,
    "Color Space" : "sRGB",
    "Blue Component" : 0.74901962280273438,
    "Alpha Component" : 1,
    "Green Component" : 0.69803923368453979
  },
  "Ansi 8 Color" : {
    "Red Component" : 0.46274510025978088,
    "Color Space" : "sRGB",
    "Blue Component" : 0.46274510025978088,
    "Alpha Component" : 1,
    "Green Component" : 0.46274510025978088
  },
  "Allow modifyOtherKeys" : true,
  "Ansi 9 Color" : {
    "Red Component" : 0.87843137979507446,
    "Color Space" : "sRGB",
    "Blue Component" : 0.45882353186607361,
    "Alpha Component" : 1,
    "Green Component" : 0.42352941632270813
  },
  "Rows" : 42,
  "Default Bookmark" : "No",
  "Ansi 4 Color" : {
    "Red Component" : 0.3803921639919281,
    "Color Space" : "sRGB",
    "Blue Component" : 0.93725490570068359,
    "Alpha Component" : 1,
    "Green Component" : 0.68627452850341797
  },
  "Ansi 5 Color" : {
    "Red Component" : 0.7764706015586853,
    "Color Space" : "sRGB",
    "Blue Component" : 0.86666667461395264,
    "Alpha Component" : 1,
    "Green Component" : 0.47058823704719543
  },
  "Cursor Guide Color" : {
    "Red Component" : 0.67058825492858887,
    "Color Space" : "sRGB",
    "Blue Component" : 0.74901962280273438,
    "Alpha Component" : 0.17647058823529413,
    "Green Component" : 0.69803923368453979
  },
  "Non-ASCII Anti Aliased" : true,
  "Use Bright Bold" : true,
  "Ansi 10 Color" : {
    "Red Component" : 0.59607845544815063,
    "Color Space" : "sRGB",
    "Blue Component" : 0.47450980544090271,
    "Alpha Component" : 1,
    "Green Component" : 0.76470589637756348
  },
  "Use Cursor Guide" : false,
  "Treat Option as Alt" : true,
  "Ambiguous Double Width" : false,
  "Jobs to Ignore" : [
    "rlogin",
    "ssh",
    "slogin",
    "telnet"
  ],
  "Ansi 15 Color" : {
    "Red Component" : 0.67058825492858887,
    "Color Space" : "sRGB",
    "Blue Component" : 0.74901962280273438,
    "Alpha Component" : 1,
    "Green Component" : 0.69803923368453979
  },
  "Foreground Color" : {
    "Red Component" : 0.67058825492858887,
    "Color Space" : "sRGB",
    "Blue Component" : 0.74901962280273438,
    "Alpha Component" : 1,
    "Green Component" : 0.69803923368453979
  },
  "Working Directory" : "\/Users\/sbuzin",
  "Blinking Cursor" : true,
  "Disable Window Resizing" : true,
  "Sync Title" : false,
  "Prompt Before Closing 2" : false,
  "BM Growl" : true,
  "Mouse Reporting" : true,
  "Command" : "",
  "Description" : "Default",
  "Screen" : -1,
  "Selection Color" : {
    "Red Component" : 0.19607843458652496,
    "Color Space" : "sRGB",
    "Blue Component" : 0.26666668057441711,
    "Alpha Component" : 1,
    "Green Component" : 0.21960784494876862
  },
  "Columns" : 128,
  "Idle Code" : 0,
  "Ansi 13 Color" : {
    "Red Component" : 0.7764706015586853,
    "Color Space" : "sRGB",
    "Blue Component" : 0.86666667461395264,
    "Alpha Component" : 1,
    "Green Component" : 0.47058823704719543
  },
  "Cursor Shadow" : false,
  "Custom Command" : "No",
  "ASCII Anti Aliased" : true,
  "Non Ascii Font" : "SymbolsNFM 13",
  "Vertical Spacing" : 1,
  "Use Bold Font" : false,
  "Left Option Key Changeable" : true,
  "Selected Text Color" : {
    "Red Component" : 0.67058825492858887,
    "Color Space" : "sRGB",
    "Blue Component" : 0.74901962280273438,
    "Alpha Component" : 1,
    "Green Component" : 0.69803923368453979
  },
  "Option Key Sends" : 2,
  "Background Color" : {
    "Red Component" : 0.12941177189350128,
    "Color Space" : "sRGB",
    "Blue Component" : 0.16862745583057404,
    "Alpha Component" : 1,
    "Green Component" : 0.14509804546833038
  },
  "Ansi 11 Color" : {
    "Red Component" : 0.89803922176361084,
    "Color Space" : "sRGB",
    "Blue Component" : 0.48235294222831726,
    "Alpha Component" : 1,
    "Green Component" : 0.75294119119644165
  },
  "Character Encoding" : 4,
  "Thin Strokes" : 4,
  "Use Italic Font" : true,
  "Unlimited Scrollback" : false,
  "Keyboard Map" : {
    "0xf728-0x80000" : {
      "Text" : "d",
      "Action" : 10
    },
    "0xf702-0x280000" : {
      "Text" : "b",
      "Action" : 10
    },
    "0xf702-0x300000" : {
      "Text" : "0x1",
      "Action" : 11
    },
    "0xf703-0x280000" : {
      "Text" : "f",
      "Action" : 10
    },
    "0x7f-0x100000" : {
      "Text" : "0x15",
      "Action" : 11
    },
    "0xf703-0x300000" : {
      "Text" : "0x5",
      "Action" : 11
    },
    "0xf728-0x0" : {
      "Text" : "0x4",
      "Action" : 11
    },
    "0x7f-0x80000" : {
      "Text" : "0x1b 0x7f",
      "Action" : 11
    }
  },
  "Window Type" : 0,
  "Cursor Type" : 1,
  "Background Image Location" : "",
  "Blur" : false,
  "Badge Color" : {
    "Red Component" : 0.87843137979507446,
    "Color Space" : "sRGB",
    "Blue Component" : 0.45882353186607361,
    "Alpha Component" : 0.5,
    "Green Component" : 0.42352941632270813
  },
  "Scrollback Lines" : 1000,
  "Send Code When Idle" : false,
  "Close Sessions On End" : true,
  "Terminal Type" : "xterm-256color",
  "Visual Bell" : false,
  "Flashing Bell" : false,
  "Silence Bell" : false,
  "Ansi 14 Color" : {
    "Red Component" : 0.33725491166114807,
    "Color Space" : "sRGB",
    "Blue Component" : 0.7607843279838562,
    "Alpha Component" : 1,
    "Green Component" : 0.7137255072593689
  },
  "ASCII Ligatures" : false,
  "Cursor Text Color" : {
    "Red Component" : 0.67058825492858887,
    "Color Space" : "sRGB",
    "Blue Component" : 0.74901962280273438,
    "Alpha Component" : 1,
    "Green Component" : 0.69803923368453979
  },
  "Name" : "Default",
  "Match Background Color" : {
    "Red Component" : 0.99697142839431763,
    "Color Space" : "P3",
    "Blue Component" : 0.32116127014160156,
    "Alpha Component" : 1,
    "Green Component" : 0.98600882291793823
  },
  "Shortcut" : "",
  "Minimum Contrast" : 0,
  "Cursor Color" : {
    "Red Component" : 0.67058825492858887,
    "Color Space" : "sRGB",
    "Blue Component" : 0.74901962280273438,
    "Alpha Component" : 1,
    "Green Component" : 0.69803923368453979
  },
  "Transparency" : 0,
  "Ansi 1 Color" : {
    "Red Component" : 0.87843137979507446,
    "Color Space" : "sRGB",
    "Blue Component" : 0.45882353186607361,
    "Alpha Component" : 1,
    "Green Component" : 0.42352941632270813
  },
  "Horizontal Spacing" : 1,
  "Link Color" : {
    "Red Component" : 0.3803921639919281,
    "Color Space" : "sRGB",
    "Blue Component" : 0.93725490570068359,
    "Alpha Component" : 1,
    "Green Component" : 0.68627452850341797
  },
  "Custom Directory" : "No",
  "Right Option Key Sends" : 2,
  "Ansi 6 Color" : {
    "Red Component" : 0.33725491166114807,
    "Color Space" : "sRGB",
    "Blue Component" : 0.7607843279838562,
    "Alpha Component" : 1,
    "Green Component" : 0.7137255072593689
  },
  "Ansi 7 Color" : {
    "Red Component" : 0.67058825492858887,
    "Color Space" : "sRGB",
    "Blue Component" : 0.74901962280273438,
    "Alpha Component" : 1,
    "Green Component" : 0.69803923368453979
  },
  "Normal Font" : "SFMono-Regular 13",
  "Ansi 2 Color" : {
    "Red Component" : 0.59607845544815063,
    "Color Space" : "sRGB",
    "Blue Component" : 0.47450980544090271,
    "Alpha Component" : 1,
    "Green Component" : 0.76470589637756348
  },
  "Guid" : "50E06C9D-41A8-456F-9D46-DC728D33C014",
  "Ansi 0 Color" : {
    "Red Component" : 0.12941177189350128,
    "Color Space" : "sRGB",
    "Blue Component" : 0.16862745583057404,